Year,State,State Initials,Democratic,Libertarian,Other,Republican,Region,Winner
1976,ALABAMA,AL,659170,1481,18129,504070,South,Democratic
1976,ALASKA,AK,44058,6785,1176,71555,West,Republican
1976,ARIZONA,AZ,295602,7647,20828,418642,West,Republican
1976,ARKANSAS,AR,498604,0,1028,267903,South,Democratic
1976,CALIFORNIA,CA,3742284,0,179242,3882244,West,Republican
1976,COLORADO,CO,460801,5338,31023,584278,West,Republican
1976,CONNECTICUT,CT,647895,0,19199,719261,Northeast,Republican
1976,DELAWARE,DE,122461,0,3401,109780,South,Democratic
1976,DISTRICT OF COLUMBIA,DC,137818,0,3139,27873,South,Democratic
1976,FLORIDA,FL,1636000,0,45100,1469531,South,Democratic
1976,GEORGIA,GA,979409,0,0,483743,South,Democratic
1976,HAWAII,HI,147375,3923,0,140003,West,Democratic
1976,IDAHO,ID,126549,3558,6674,204151,West,Republican
1976,ILLINOIS,IL,2271295,8057,77661,2364269,Midwest,Republican
1976,INDIANA,IN,1014714,0,21690,1183958,Midwest,Republican
1976,IOWA,IA,619931,1454,25054,632864,Midwest,Republican
1976,KANSAS,KS,430421,0,24672,502752,Midwest,Republican
1976,KENTUCKY,KY,615717,814,18759,531852,South,Democratic
1976,LOUISIANA,LA,661365,3134,25438,587446,South,Democratic
1976,MAINE,ME,232279,0,14369,236320,Northeast,Republican
1976,MARYLAND,MD,759612,0,0,672661,South,Democratic
1976,MASSACHUSETTS,MA,1429475,135,87672,1030276,Northeast,Democratic
1976,MICHIGAN,MI,1696714,5407,55727,1893742,Midwest,Republican
1976,MINNESOTA,MN,1070440,3529,56567,819395,Midwest,Democratic
1976,MISSISSIPPI,MS,381329,2609,17606,366846,South,Democratic
1976,MISSOURI,MO,998387,0,27770,927443,Midwest,Democratic
1976,MONTANA,MT,149259,0,5772,173703,West,Republican
1976,NEBRASKA,NE,233293,1476,12761,359219,Midwest,Republican
1976,NEVADA,NV,92479,1519,6605,101273,West,Republican
1976,NEW HAMPSHIRE,NH,147645,936,5111,185935,Northeast,Republican
1976,NEW JERSEY,NJ,1444653,9449,50682,1509688,Northeast,Republican
1976,NEW MEXICO,NM,201148,1110,2913,211419,West,Republican
1976,NEW YORK,NY,3244165,0,598184,2825913,Northeast,Democratic
1976,NORTH CAROLINA,NC,927365,2219,6362,741960,South,Democratic
1976,NORTH DAKOTA,ND,136078,256,7290,153684,Midwest,Republican
1976,OHIO,OH,2009959,8952,90919,2000626,Midwest,Democratic
1976,OKLAHOMA,OK,532442,0,14101,545708,South,Republican
1976,OREGON,OR,490407,0,47349,492120,West,Republican
1976,PENNSYLVANIA,PA,2328677,0,86506,2205604,Northeast,Democratic
1976,RHODE ISLAND,RI,227636,715,984,181249,Northeast,Democratic
1976,SOUTH CAROLINA,SC,450807,0,5627,346149,South,Democratic
1976,SOUTH DAKOTA,SD,147068,1619,486,151505,Midwest,Republican
1976,TENNESSEE,TN,825879,0,16498,633969,South,Democratic
1976,TEXAS,TX,2082319,0,36265,1953300,South,Democratic
1976,UTAH,UT,182110,0,21200,337908,West,Republican
1976,VERMONT,VT,77798,0,5717,100387,Northeast,Republican
1976,VIRGINIA,VA,813896,4648,41996,836554,South,Republican
1976,WASHINGTON,WA,717323,5042,55437,777732,West,Republican
1976,WEST VIRGINIA,WV,435864,0,0,314726,South,Democratic
1976,WISCONSIN,WI,1040232,3814,52303,1004987,Midwest,Democratic
1976,WYOMING,WY,62239,0,1387,92717,West,Republican
1980,ALABAMA,AL,636730,13318,37689,654192,South,Republican
1980,ALASKA,AK,41842,18479,12012,86112,West,Republican
1980,ARIZONA,AZ,246843,18784,78630,529688,West,Republican
1980,ARKANSAS,AR,398041,8970,27407,403164,South,Republican
1980,CALIFORNIA,CA,3082943,148390,828611,4522994,West,Republican
1980,COLORADO,CO,368009,25744,138433,652264,West,Republican
1980,CONNECTICUT,CT,541732,8570,178773,677210,Northeast,Republican
1980,DELAWARE,DE,105754,1974,16688,111252,South,Republican
1980,DISTRICT OF COLUMBIA,DC,130231,1104,19241,23313,South,Democratic
1980,FLORIDA,FL,1419475,30524,189977,2046951,South,Republican
1980,GEORGIA,GA,890955,15627,36055,654168,South,Democratic
1980,HAWAII,HI,135879,3269,34027,130112,West,Democratic
1980,IDAHO,ID,110192,8425,28115,290699,West,Republican
1980,ILLINOIS,IL,1981413,38939,371320,2358049,Midwest,Republican
1980,INDIANA,IN,844197,19627,122553,1255656,Midwest,Republican
1980,IOWA,IA,508672,13123,119840,676026,Midwest,Republican
1980,KANSAS,KS,326150,14470,72363,566812,Midwest,Republican
1980,KENTUCKY,KY,617417,5531,37405,635274,South,Republican
1980,LOUISIANA,LA,708453,8240,39045,792853,South,Republican
1980,MAINE,ME,220974,5119,58396,238522,Northeast,Republican
1980,MARYLAND,MD,726161,14192,119537,680606,South,Democratic
1980,MASSACHUSETTS,MA,1053802,22038,390619,1057631,Northeast,Republican
1980,MICHIGAN,MI,1661532,41597,291371,1915225,Midwest,Republican
1980,MINNESOTA,MN,954173,31593,192882,873268,Midwest,Democratic
1980,MISSISSIPPI,MS,429281,4702,16678,441089,South,Republican
1980,MISSOURI,MO,931182,14422,80039,1074181,Midwest,Republican
1980,MONTANA,MT,118032,9825,29281,206814,West,Republican
1980,NEBRASKA,NE,166424,9041,44854,419214,Midwest,Republican
1980,NEVADA,NV,66666,4358,17651,155017,West,Republican
1980,NEW HAMPSHIRE,NH,108864,2064,51357,221705,Northeast,Republican
1980,NEW JERSEY,NJ,1147364,20652,261111,1546557,Northeast,Republican
1980,NEW MEXICO,NM,167826,4365,33267,250779,West,Republican
1980,NEW YORK,NY,2728372,0,835887,2637700,Northeast,Democratic
1980,NORTH CAROLINA,NC,875635,9677,55503,915018,South,Republican
1980,NORTH DAKOTA,ND,79189,3743,24489,193695,Midwest,Republican
1980,OHIO,OH,1752414,49033,275611,2206545,Midwest,Republican
1980,OKLAHOMA,OK,402026,13828,38284,695570,South,Republican
1980,OREGON,OR,456890,25838,127744,571044,West,Republican
1980,PENNSYLVANIA,PA,1937540,33263,328826,2261872,Northeast,Republican
1980,RHODE ISLAND,RI,198342,2458,60374,154793,Northeast,Democratic
1980,SOUTH CAROLINA,SC,428220,4807,15954,439277,South,Republican
1980,SOUTH DAKOTA,SD,103855,3824,21681,198343,Midwest,Republican
1980,TENNESSEE,TN,783051,7116,39688,787761,South,Republican
1980,TEXAS,TX,1881147,37643,112141,2510705,South,Republican
1980,UTAH,UT,124266,7156,33043,439687,West,Republican
1980,VERMONT,VT,81952,1900,34819,94628,Northeast,Republican
1980,VIRGINIA,VA,752174,12821,111428,989609,South,Republican
1980,WASHINGTON,WA,650193,29213,197744,865244,West,Republican
1980,WEST VIRGINIA,WV,367462,4356,31691,334206,South,Democratic
1980,WISCONSIN,WI,981584,29135,173657,1088845,Midwest,Republican
1980,WYOMING,WY,49427,4514,12072,110700,West,Republican
1984,ALABAMA,AL,551899,9504,7461,872849,South,Republican
1984,ALASKA,AK,62007,6378,843,138377,West,Republican
1984,ARIZONA,AZ,333854,10585,42,681416,West,Republican
1984,ARKANSAS,AR,338646,2221,8765,534774,South,Republican
1984,CALIFORNIA,CA,3922519,49951,65562,5467009,West,Republican
1984,COLORADO,CO,454975,11257,7331,821817,West,Republican
1984,CONNECTICUT,CT,569597,0,6426,890877,Northeast,Republican
1984,DELAWARE,DE,101656,268,458,152190,South,Republican
1984,DISTRICT OF COLUMBIA,DC,180408,279,1592,29009,South,Democratic
1984,FLORIDA,FL,1448816,0,885,2730350,South,Republican
1984,GEORGIA,GA,706628,0,753,1068722,South,Republican
1984,HAWAII,HI,147154,2167,1475,185050,West,Republican
1984,IDAHO,ID,108510,2823,2288,297523,West,Republican
1984,ILLINOIS,IL,2086499,10086,15400,2707103,Midwest,Republican
1984,INDIANA,IN,841481,6741,7617,1377230,Midwest,Republican
1984,IOWA,IA,605620,1844,9253,703088,Midwest,Republican
1984,KANSAS,KS,333149,3329,8217,677296,Midwest,Republican
1984,KENTUCKY,KY,539539,0,8104,821702,South,Republican
1984,LOUISIANA,LA,651586,1876,16061,1037299,South,Republican
1984,MAINE,ME,214515,0,2129,336500,Northeast,Republican
1984,MARYLAND,MD,787935,5721,2299,879918,South,Republican
1984,MASSACHUSETTS,MA,1239606,0,8841,1310936,Northeast,Republican
1984,MICHIGAN,MI,1529638,10055,10394,2251571,Midwest,Republican
1984,MINNESOTA,MN,1036364,2996,12486,1032603,Midwest,Democratic
1984,MISSISSIPPI,MS,352192,2336,4199,582377,South,Republican
1984,MISSOURI,MO,848583,0,0,1274188,Midwest,Republican
1984,MONTANA,MT,146742,5185,0,232450,West,Republican
1984,NEBRASKA,NE,187866,2079,2091,460054,Midwest,Republican
1984,NEVADA,NV,91655,2292,0,188770,West,Republican
1984,NEW HAMPSHIRE,NH,120347,735,772,267050,Northeast,Republican
1984,NEW JERSEY,NJ,1261323,6416,16493,1933630,Northeast,Republican
1984,NEW MEXICO,NM,201769,4459,1041,307101,West,Republican
1984,NEW YORK,NY,3001285,11949,417057,3376519,Northeast,Republican
1984,NORTH CAROLINA,NC,824287,3794,799,1346481,South,Republican
1984,NORTH DAKOTA,ND,104429,703,3503,200336,Midwest,Republican
1984,OHIO,OH,1825440,5886,53350,2678559,Midwest,Republican
1984,OKLAHOMA,OK,385080,9066,0,861530,South,Republican
1984,OREGON,OR,536479,0,4348,685700,West,Republican
1984,PENNSYLVANIA,PA,2228131,6982,25467,2584323,Northeast,Republican
1984,RHODE ISLAND,RI,197106,277,1026,212080,Northeast,Republican
1984,SOUTH CAROLINA,SC,344459,4359,4172,615539,South,Republican
1984,SOUTH DAKOTA,SD,116113,0,1487,200267,Midwest,Republican
1984,TENNESSEE,TN,711714,3072,6995,990212,South,Republican
1984,TEXAS,TX,1949276,0,14867,3433428,South,Republican
1984,UTAH,UT,155369,2447,2735,469105,West,Republican
1984,VERMONT,VT,95730,1002,1964,135865,Northeast,Republican
1984,VIRGINIA,VA,796250,0,13307,1337078,South,Republican
1984,WASHINGTON,WA,798352,8844,16044,1051670,West,Republican
1984,WEST VIRGINIA,WV,328125,0,2134,405483,South,Republican
1984,WISCONSIN,WI,995740,4883,12482,1198584,Midwest,Republican
1984,WYOMING,WY,53370,2357,0,133241,West,Republican
1988,ALABAMA,AL,549506,8460,4934,815576,South,Republican
1988,ALASKA,AK,72584,5484,2797,119251,West,Republican
1988,ARIZONA,AZ,454029,13351,1952,702541,West,Republican
1988,ARKANSAS,AR,349237,3297,8626,466578,South,Republican
1988,CALIFORNIA,CA,4702233,70105,59810,5054917,West,Republican
1988,COLORADO,CO,621453,15482,7282,728177,West,Republican
1988,CONNECTICUT,CT,676584,14071,2498,750241,Northeast,Republican
1988,DELAWARE,DE,108647,1162,443,139639,South,Republican
1988,DISTRICT OF COLUMBIA,DC,159407,554,5326,27590,South,Democratic
1988,FLORIDA,FL,1656701,19796,6931,2618885,South,Republican
1988,GEORGIA,GA,714792,8435,5114,1081331,South,Republican
1988,HAWAII,HI,192364,1999,1473,158625,West,Democratic
1988,IDAHO,ID,147272,5313,2502,253881,West,Republican
1988,ILLINOIS,IL,2215940,14944,17297,2310939,Midwest,Republican
1988,INDIANA,IN,860643,0,10215,1297763,Midwest,Republican
1988,IOWA,IA,670557,2494,7208,545355,Midwest,Democratic
1988,KANSAS,KS,422636,0,16359,554049,Midwest,Republican
1988,KENTUCKY,KY,580368,2118,5750,734281,South,Republican
1988,LOUISIANA,LA,717460,4115,22925,883702,South,Republican
1988,MAINE,ME,243569,2700,1635,307131,Northeast,Republican
1988,MARYLAND,MD,826304,6748,5139,876167,South,Republican
1988,MASSACHUSETTS,MA,1401415,24251,12500,1194635,Northeast,Democratic
1988,MICHIGAN,MI,1675783,18336,9558,1965486,Midwest,Republican
1988,MINNESOTA,MN,1109471,5109,19873,962337,Midwest,Democratic
1988,MISSISSIPPI,MS,363921,3329,6387,557890,South,Republican
1988,MISSOURI,MO,1001619,0,6656,1084953,Midwest,Republican
1988,MONTANA,MT,168936,5047,1279,190412,West,Republican
1988,NEBRASKA,NE,259235,2534,1740,397956,Midwest,Republican
1988,NEVADA,NV,132738,3520,835,206040,West,Republican
1988,NEW HAMPSHIRE,NH,163696,4502,790,281537,Northeast,Republican
1988,NEW JERSEY,NJ,1320352,8421,27588,1743192,Northeast,Republican
1988,NEW MEXICO,NM,244497,3368,3181,270341,West,Republican
1988,NEW YORK,NY,3255487,12109,379673,2838414,Northeast,Democratic
1988,NORTH CAROLINA,NC,890167,0,6945,1237258,South,Republican
1988,NORTH DAKOTA,ND,127739,1315,1648,166559,Midwest,Republican
1988,OHIO,OH,1939629,11926,25481,2416549,Midwest,Republican
1988,OKLAHOMA,OK,483423,6261,2985,678367,South,Republican
1988,OREGON,OR,616206,14811,10551,560126,West,Democratic
1988,PENNSYLVANIA,PA,2194944,12051,29169,2300087,Northeast,Republican
1988,RHODE ISLAND,RI,225123,825,913,177761,Northeast,Democratic
1988,SOUTH CAROLINA,SC,370554,4935,4077,606443,South,Republican
1988,SOUTH DAKOTA,SD,145560,0,2016,165415,Midwest,Republican
1988,TENNESSEE,TN,679794,0,9223,947233,South,Republican
1988,TEXAS,TX,2352748,30355,7478,3036829,South,Republican
1988,UTAH,UT,207343,7473,3750,428442,West,Republican
1988,VERMONT,VT,115775,1000,2222,124331,Northeast,Republican
1988,VIRGINIA,VA,859799,8336,14312,1309162,South,Republican
1988,WASHINGTON,WA,933516,17240,10662,903835,West,Democratic
1988,WEST VIRGINIA,WV,341016,0,2230,310065,South,Democratic
1988,WISCONSIN,WI,1126794,0,17315,1047499,Midwest,Democratic
1988,WYOMING,WY,67113,2026,545,106867,West,Republican
1992,ALABAMA,AL,690080,5737,187960,804283,South,Republican
1992,ALASKA,AK,78294,1378,76834,102000,West,Republican
1992,ARIZONA,AZ,543050,6759,365080,572086,West,Republican
1992,ARKANSAS,AR,505823,0,107506,337324,South,Democratic
1992,CALIFORNIA,CA,5121325,48139,2331683,3630574,West,Democratic
1992,COLORADO,CO,629681,8669,367980,562850,West,Democratic
1992,CONNECTICUT,CT,682318,5391,350134,578313,Northeast,Democratic
1992,DELAWARE,DE,126054,935,60318,102313,South,Democratic
1992,DISTRICT OF COLUMBIA,DC,192619,467,13788,20698,South,Democratic
1992,FLORIDA,FL,2071698,15079,1053305,2173310,South,Republican
1992,GEORGIA,GA,1008966,7110,309805,995252,South,Democratic
1992,HAWAII,HI,179310,1119,55591,136822,West,Democratic
1992,IDAHO,ID,137013,1167,141289,202645,West,Republican
1992,ILLINOIS,IL,2453350,9218,853493,1734096,Midwest,Democratic
1992,INDIANA,IN,848420,7936,460140,989375,Midwest,Republican
1992,IOWA,IA,586353,1076,262287,504891,Midwest,Democratic
1992,KANSAS,KS,390434,4314,312537,449951,Midwest,Republican
1992,KENTUCKY,KY,665104,4513,206105,617178,South,Democratic
1992,LOUISIANA,LA,815971,3155,237505,733386,South,Democratic
1992,MAINE,ME,263420,1681,207894,206504,Northeast,Democratic
1992,MARYLAND,MD,988571,4715,284200,707094,South,Democratic
1992,MASSACHUSETTS,MA,1318639,9021,640965,805039,Northeast,Democratic
1992,MICHIGAN,MI,1871182,10175,838376,1554940,Midwest,Democratic
1992,MINNESOTA,MN,1020997,3374,575736,747841,Midwest,Democratic
1992,MISSISSIPPI,MS,400258,2154,91588,487793,South,Republican
1992,MISSOURI,MO,1053873,7497,518741,811159,Midwest,Democratic
1992,MONTANA,MT,154507,986,110883,144207,West,Democratic
1992,NEBRASKA,NE,216864,1340,175664,343678,Midwest,Republican
1992,NEVADA,NV,189148,1835,139507,175828,West,Democratic
1992,NEW HAMPSHIRE,NH,209040,3548,122143,202484,Northeast,Democratic
1992,NEW JERSEY,NJ,1436206,6822,543701,1356865,Northeast,Democratic
1992,NEW MEXICO,NM,261617,1615,93930,212824,West,Democratic
1992,NEW YORK,NY,3346894,13451,1677397,2041690,Northeast,Democratic
1992,NORTH CAROLINA,NC,1114042,5171,357976,1134661,South,Republican
1992,NORTH DAKOTA,ND,99168,0,72721,136244,Midwest,Republican
1992,OHIO,OH,1984942,0,1060715,1894310,Midwest,Democratic
1992,OKLAHOMA,OK,473066,4486,319878,592929,South,Republican
1992,OREGON,OR,621314,4277,361295,475757,West,Democratic
1992,PENNSYLVANIA,PA,2239164,21477,907328,1791841,Northeast,Democratic
1992,RHODE ISLAND,RI,213299,571,107894,131601,Northeast,Democratic
1992,SOUTH CAROLINA,SC,525514,2719,123172,577507,South,Republican
1992,SOUTH DAKOTA,SD,124888,814,73834,136718,Midwest,Republican
1992,TENNESSEE,TN,933521,0,207817,841300,South,Democratic
1992,TEXAS,TX,2281815,19699,1356433,2496071,South,Republican
1992,UTAH,UT,183429,1900,236037,322632,West,Republican
1992,VERMONT,VT,133592,501,67486,88122,Northeast,Democratic
1992,VIRGINIA,VA,1038650,5730,364232,1150517,South,Republican
1992,WASHINGTON,WA,993037,7533,555761,731234,West,Democratic
1992,WEST VIRGINIA,WV,331001,1873,108829,241974,South,Democratic
1992,WISCONSIN,WI,1041066,2877,556266,930855,Midwest,Democratic
1992,WYOMING,WY,68160,844,51533,79347,West,Republican
1996,ALABAMA,AL,662165,5290,97850,769044,South,Republican
1996,ALASKA,AK,80380,2276,36218,122746,West,Republican
1996,ARIZONA,AZ,653288,14358,114686,622073,West,Democratic
1996,ARKANSAS,AR,475171,3076,80599,325416,South,Democratic
1996,CALIFORNIA,CA,5119835,73600,997653,3828381,West,Democratic
1996,COLORADO,CO,671152,12392,135310,691848,West,Republican
1996,CONNECTICUT,CT,735740,5788,167977,483109,Northeast,Democratic
1996,DELAWARE,DE,140355,2052,29341,99062,South,Democratic
1996,DISTRICT OF COLUMBIA,DC,158220,588,9579,17339,South,Democratic
1996,FLORIDA,FL,2546870,23326,488422,2244536,South,Democratic
1996,GEORGIA,GA,1053849,17870,146337,1080843,South,Republican
1996,HAWAII,HI,205012,2493,38672,113943,West,Democratic
1996,IDAHO,ID,165443,3325,66348,256595,West,Republican
1996,ILLINOIS,IL,2341744,22548,360078,1587021,Midwest,Democratic
1996,INDIANA,IN,887424,15632,225682,1006693,Midwest,Republican
1996,IOWA,IA,620258,2315,118858,492644,Midwest,Democratic
1996,KANSAS,KS,387659,4557,98839,583245,Midwest,Republican
1996,KENTUCKY,KY,636614,4009,124802,623283,South,Democratic
1996,LOUISIANA,LA,927837,7499,136037,712586,South,Democratic
1996,MAINE,ME,312788,2996,103735,186378,Northeast,Democratic
1996,MARYLAND,MD,966207,8765,124368,681530,South,Democratic
1996,MASSACHUSETTS,MA,1571509,20424,246468,718058,Northeast,Democratic
1996,MICHIGAN,MI,1989653,27670,350309,1481212,Midwest,Democratic
1996,MINNESOTA,MN,1120380,8271,297446,766395,Midwest,Democratic
1996,MISSISSIPPI,MS,394022,2809,57188,439838,South,Republican
1996,MISSOURI,MO,1025935,10522,231592,890016,Midwest,Democratic
1996,MONTANA,MT,167922,2526,56983,179652,West,Republican
1996,NEBRASKA,NE,236761,2792,74395,363467,Midwest,Republican
1996,NEVADA,NV,203974,4460,56601,199244,West,Democratic
1996,NEW HAMPSHIRE,NH,246166,4214,49731,196486,Northeast,Democratic
1996,NEW JERSEY,NJ,1652361,0,320400,1103099,Northeast,Democratic
1996,NEW MEXICO,NM,273495,2996,46832,232751,West,Democratic
1996,NEW YORK,NY,3649630,12220,1038572,1738707,Northeast,Democratic
1996,NORTH CAROLINA,NC,1107849,8740,173280,1225938,South,Republican
1996,NORTH DAKOTA,ND,106905,847,33609,125050,Midwest,Republican
1996,OHIO,OH,2148222,12851,513478,1859883,Midwest,Democratic
1996,OKLAHOMA,OK,488105,5505,130788,582315,South,Republican
1996,OREGON,OR,649641,8903,181064,538152,West,Democratic
1996,PENNSYLVANIA,PA,2215819,28000,456319,1801169,Northeast,Democratic
1996,RHODE ISLAND,RI,233050,1109,51405,104683,Northeast,Democratic
1996,SOUTH CAROLINA,SC,506152,4271,66420,573339,South,Republican
1996,SOUTH DAKOTA,SD,139333,1472,32478,150543,Midwest,Republican
1996,TENNESSEE,TN,909146,0,121429,863530,South,Democratic
1996,TEXAS,TX,2459683,20256,395538,2736167,South,Republican
1996,UTAH,UT,221633,4129,77956,361911,West,Republican
1996,VERMONT,VT,137894,1183,39020,80352,Northeast,Democratic
1996,VIRGINIA,VA,1091060,9174,178058,1138350,South,Republican
1996,WASHINGTON,WA,1123323,12522,277280,840712,West,Democratic
1996,WEST VIRGINIA,WV,327812,3062,71639,233946,South,Democratic
1996,WISCONSIN,WI,1071971,7929,271240,845029,Midwest,Democratic
1996,WYOMING,WY,77934,1739,26510,105388,West,Republican
2000,ALABAMA,AL,692611,5893,26595,941173,South,Republican
2000,ALASKA,AK,79004,2636,36522,167398,West,Republican
2000,ARIZONA,AZ,685341,5775,59248,781652,West,Republican
2000,ARKANSAS,AR,422768,2781,23292,472940,South,Republican
2000,CALIFORNIA,CA,5861203,45520,491670,4567429,West,Democratic
2000,COLORADO,CO,738227,12799,106594,883748,West,Republican
2000,CONNECTICUT,CT,816015,3484,78932,561094,Northeast,Democratic
2000,DELAWARE,DE,180068,774,9399,137288,South,Democratic
2000,DISTRICT OF COLUMBIA,DC,171923,669,11229,18073,South,Democratic
2000,FLORIDA,FL,2912253,16415,121652,2912790,South,Republican
2000,GEORGIA,GA,1116230,36332,10926,1419720,South,Republican
2000,HAWAII,HI,205286,1477,23343,137845,West,Democratic
2000,IDAHO,ID,138637,3488,22553,336937,West,Republican
2000,ILLINOIS,IL,2589026,11623,122038,2019421,Midwest,Democratic
2000,INDIANA,IN,901980,15530,35956,1245836,Midwest,Republican
2000,IOWA,IA,638517,3209,76923,634373,Midwest,Democratic
2000,KANSAS,KS,399276,4525,46083,622332,Midwest,Republican
2000,KENTUCKY,KY,638923,2885,29778,872520,South,Republican
2000,LOUISIANA,LA,792344,2951,42490,927871,South,Republican
2000,MAINE,ME,319951,3074,42176,286616,Northeast,Democratic
2000,MARYLAND,MD,1144008,5310,62067,813827,South,Democratic
2000,MASSACHUSETTS,MA,1616487,16366,222609,878502,Northeast,Democratic
2000,MICHIGAN,MI,2170418,16711,92233,1953139,Midwest,Democratic
2000,MINNESOTA,MN,1168266,5282,155478,1109659,Midwest,Democratic
2000,MISSISSIPPI,MS,404614,2009,14717,572844,South,Republican
2000,MISSOURI,MO,1111138,7436,51394,1189924,Midwest,Republican
2000,MONTANA,MT,137126,1718,31964,240178,West,Republican
2000,NEBRASKA,NE,231780,2245,29132,433862,Midwest,Republican
2000,NEVADA,NV,279978,3311,24562,301575,West,Republican
2000,NEW HAMPSHIRE,NH,266348,2757,26417,273559,Northeast,Republican
2000,NEW JERSEY,NJ,1788850,0,114203,1284173,Northeast,Democratic
2000,NEW MEXICO,NM,286783,2058,23347,286417,West,Democratic
2000,NEW YORK,NY,3942215,7649,751774,2258577,Northeast,Democratic
2000,NORTH CAROLINA,NC,1257692,13891,12244,1631163,South,Republican
2000,NORTH DAKOTA,ND,95284,0,18120,174852,Midwest,Republican
2000,OHIO,OH,2183628,13473,154534,2350363,Midwest,Republican
2000,OKLAHOMA,OK,474276,6602,9014,744337,South,Republican
2000,OREGON,OR,720342,7447,92584,713577,West,Democratic
2000,PENNSYLVANIA,PA,2485967,11248,133843,2281127,Northeast,Democratic
2000,RHODE ISLAND,RI,249508,742,28307,130555,Northeast,Democratic
2000,SOUTH CAROLINA,SC,566037,4760,26213,786892,South,Republican
2000,SOUTH DAKOTA,SD,118804,1662,5103,190700,Midwest,Republican
2000,TENNESSEE,TN,981720,0,32512,1061949,South,Republican
2000,TEXAS,TX,2433746,23160,151092,3799639,South,Republican
2000,UTAH,UT,203053,3616,48989,515096,West,Republican
2000,VERMONT,VT,149022,784,24727,119775,Northeast,Democratic
2000,VIRGINIA,VA,1217290,15198,69469,1437490,South,Republican
2000,WASHINGTON,WA,1247652,13135,117782,1108864,West,Democratic
2000,WEST VIRGINIA,WV,295497,1912,14240,336475,South,Republican
2000,WISCONSIN,WI,1242987,6640,111701,1237279,Midwest,Democratic
2000,WYOMING,WY,60481,1443,3855,147947,West,Republican
2004,ALABAMA,AL,693933,0,13088,1176394,South,Republican
2004,ALASKA,AK,111025,1675,9009,190889,West,Republican
2004,ARIZONA,AZ,893524,11856,2911,1104294,West,Republican
2004,ARKANSAS,AR,469953,2352,9742,572898,South,Republican
2004,CALIFORNIA,CA,6745485,50165,115877,5509826,West,Democratic
2004,COLORADO,CO,1001732,7664,18979,1101255,West,Republican
2004,CONNECTICUT,CT,857488,3367,24088,693826,Northeast,Democratic
2004,DELAWARE,DE,200152,586,2792,171660,South,Democratic
2004,DISTRICT OF COLUMBIA,DC,202970,502,2858,21256,South,Democratic
2004,FLORIDA,FL,3583544,11996,49748,3964522,South,Republican
2004,GEORGIA,GA,1366149,18387,3085,1914254,South,Republican
2004,HAWAII,HI,231708,1377,1737,194191,West,Democratic
2004,IDAHO,ID,181098,3844,4199,409235,West,Republican
2004,ILLINOIS,IL,2891550,32442,4384,2345946,Midwest,Democratic
2004,INDIANA,IN,969011,18058,1495,1479438,Midwest,Republican
2004,IOWA,IA,741898,2992,10061,751957,Midwest,Republican
2004,KANSAS,KS,434993,4013,12294,736456,Midwest,Republican
2004,KENTUCKY,KY,712733,2619,11091,1069439,South,Republican
2004,LOUISIANA,LA,820299,2781,17857,1102169,South,Republican
2004,MAINE,ME,396842,1965,11744,330201,Northeast,Democratic
2004,MARYLAND,MD,1334500,6094,18941,1024703,South,Democratic
2004,MASSACHUSETTS,MA,1803800,15022,37524,1071109,Northeast,Democratic
2004,MICHIGAN,MI,2479183,10552,35771,2313746,Midwest,Democratic
2004,MINNESOTA,MN,1445014,4639,32039,1346695,Midwest,Democratic
2004,MISSISSIPPI,MS,457766,1793,7605,672660,South,Republican
2004,MISSOURI,MO,1259171,9831,6649,1455713,Midwest,Republican
2004,MONTANA,MT,173710,1733,8928,266063,West,Republican
2004,NEBRASKA,NE,254328,2041,9003,512814,Midwest,Republican
2004,NEVADA,NV,397190,3176,10531,418690,West,Republican
2004,NEW HAMPSHIRE,NH,340511,0,6539,331237,Northeast,Democratic
2004,NEW JERSEY,NJ,1911430,0,30258,1670003,Northeast,Democratic
2004,NEW MEXICO,NM,370942,2382,6050,376930,West,Republican
2004,NEW YORK,NY,4180755,11607,448911,2806993,Northeast,Democratic
2004,NORTH CAROLINA,NC,1525849,11731,2261,1961166,South,Republican
2004,NORTH DAKOTA,ND,111052,851,4279,196651,Midwest,Republican
2004,OHIO,OH,2741165,0,26974,2859764,Midwest,Republican
2004,OKLAHOMA,OK,503966,0,0,959792,South,Republican
2004,OREGON,OR,943163,7260,19528,866831,West,Democratic
2004,PENNSYLVANIA,PA,2938095,21185,16463,2793847,Northeast,Democratic
2004,RHODE ISLAND,RI,259760,907,7421,169046,Northeast,Democratic
2004,SOUTH CAROLINA,SC,661669,3608,14449,937974,South,Republican
2004,SOUTH DAKOTA,SD,149244,964,5423,232584,Midwest,Republican
2004,TENNESSEE,TN,1036477,0,16467,1384375,South,Republican
2004,TEXAS,TX,2832704,38787,12341,4526917,South,Republican
2004,UTAH,UT,241199,3375,19528,663742,West,Republican
2004,VERMONT,VT,184067,1102,5960,121180,Northeast,Democratic
2004,VIRGINIA,VA,1454742,11032,12682,1716959,South,Republican
2004,WASHINGTON,WA,1510201,11955,32034,1304894,West,Democratic
2004,WEST VIRGINIA,WV,326541,1405,4068,423778,South,Republican
2004,WISCONSIN,WI,1489504,6464,22919,1478120,Midwest,Democratic
2004,WYOMING,WY,70776,1171,4285,167629,West,Republican
2008,ALABAMA,AL,813479,0,19794,1266546,South,Republican
2008,ALASKA,AK,123594,1589,7173,193841,West,Republican
2008,ARIZONA,AZ,1034707,12555,16102,1230111,West,Republican
2008,ARKANSAS,AR,422310,4776,21514,638017,South,Republican
2008,CALIFORNIA,CA,8274473,67582,208064,5011781,West,Democratic
2008,COLORADO,CO,1288576,10897,28299,1073589,West,Democratic
2008,CONNECTICUT,CT,997772,0,19592,629428,Northeast,Democratic
2008,DELAWARE,DE,255459,1109,3470,152374,South,Democratic
2008,DISTRICT OF COLUMBIA,DC,245800,0,2686,17367,South,Democratic
2008,FLORIDA,FL,4282074,17218,45828,4045624,South,Democratic
2008,GEORGIA,GA,1844123,28731,2873,2048759,South,Republican
2008,HAWAII,HI,325871,1314,8313,120566,West,Democratic
2008,IDAHO,ID,236440,3658,12012,403012,West,Republican
2008,ILLINOIS,IL,3419348,19642,52202,2031179,Midwest,Democratic
2008,INDIANA,IN,1374039,29257,2110,1345648,Midwest,Democratic
2008,IOWA,IA,828940,4590,21214,682379,Midwest,Democratic
2008,KANSAS,KS,514765,6706,14746,699655,Midwest,Republican
2008,KENTUCKY,KY,751985,5989,20184,1048462,South,Republican
2008,LOUISIANA,LA,782989,0,29497,1148275,South,Republican
2008,MAINE,ME,421923,0,13967,295273,Northeast,Democratic
2008,MARYLAND,MD,1629467,9842,32425,959862,South,Democratic
2008,MASSACHUSETTS,MA,1904097,13189,76855,1108854,Northeast,Democratic
2008,MICHIGAN,MI,2872579,23716,56662,2048639,Midwest,Democratic
2008,MINNESOTA,MN,1573354,9174,52432,1275409,Midwest,Democratic
2008,MISSISSIPPI,MS,554662,2529,8077,724597,South,Republican
2008,MISSOURI,MO,1441911,11386,26094,1445814,Midwest,Republican
2008,MONTANA,MT,231667,1355,14324,242763,West,Republican
2008,NEBRASKA,NE,333319,2740,12243,452979,Midwest,Republican
2008,NEVADA,NV,533736,4263,17022,412827,West,Democratic
2008,NEW HAMPSHIRE,NH,384826,2748,6862,316534,Northeast,Democratic
2008,NEW JERSEY,NJ,2215422,8441,31167,1613207,Northeast,Democratic
2008,NEW MEXICO,NM,472422,2428,8476,346832,West,Democratic
2008,NEW YORK,NY,4645332,19596,638768,2418323,Northeast,Democratic
2008,NORTH CAROLINA,NC,2142651,25722,14004,2128474,South,Democratic
2008,NORTH DAKOTA,ND,141278,1354,5388,168601,Midwest,Republican
2008,OHIO,OH,2940044,19917,70569,2677820,Midwest,Democratic
2008,OKLAHOMA,OK,502496,0,0,960165,South,Republican
2008,OREGON,OR,1037291,7635,44463,738475,West,Democratic
2008,PENNSYLVANIA,PA,3276363,19912,61112,2655885,Northeast,Democratic
2008,RHODE ISLAND,RI,296571,1382,8422,165391,Northeast,Democratic
2008,SOUTH CAROLINA,SC,862449,7283,16341,1034896,South,Republican
2008,SOUTH DAKOTA,SD,170924,1835,6162,203054,Midwest,Republican
2008,TENNESSEE,TN,1087437,0,33134,1479178,South,Republican
2008,TEXAS,TX,3528633,56116,13718,4479328,South,Republican
2008,UTAH,UT,327670,6966,21704,596030,West,Republican
2008,VERMONT,VT,219262,1067,5743,98974,Northeast,Democratic
2008,VIRGINIA,VA,1959532,11067,27656,1725005,South,Democratic
2008,WASHINGTON,WA,1750848,12728,44086,1229216,West,Democratic
2008,WEST VIRGINIA,WV,303857,0,12128,397466,South,Republican
2008,WISCONSIN,WI,1677211,8858,34955,1262393,Midwest,Democratic
2008,WYOMING,WY,82868,1594,5484,164958,West,Republican
2012,ALABAMA,AL,795696,0,22717,1255925,South,Republican
2012,ALASKA,AK,122640,7392,5787,164676,West,Republican
2012,ARIZONA,AZ,1025232,32100,8268,1233654,West,Republican
2012,ARKANSAS,AR,394409,16276,11039,647744,South,Republican
2012,CALIFORNIA,CA,7854285,143221,201083,4839958,West,Democratic
2012,COLORADO,CO,1323101,35545,25627,1185243,West,Democratic
2012,CONNECTICUT,CT,905083,12340,5889,634892,Northeast,Democratic
2012,DELAWARE,DE,242584,3882,1940,165484,South,Democratic
2012,DISTRICT OF COLUMBIA,DC,267070,2083,3230,21381,South,Democratic
2012,FLORIDA,FL,4237756,44726,28250,4163447,South,Democratic
2012,GEORGIA,GA,1773827,45324,0,2078688,South,Republican
2012,HAWAII,HI,306658,3840,5646,121015,West,Democratic
2012,IDAHO,ID,212787,9453,9123,420911,West,Republican
2012,ILLINOIS,IL,3019512,56229,31057,2135216,Midwest,Democratic
2012,INDIANA,IN,1152887,50111,993,1420543,Midwest,Republican
2012,IOWA,IA,822544,12926,16093,730617,Midwest,Democratic
2012,KANSAS,KS,440726,20456,6155,692634,Midwest,Republican
2012,KENTUCKY,KY,679370,17063,13589,1087190,South,Republican
2012,LOUISIANA,LA,809141,18157,14505,1152262,South,Republican
2012,MAINE,ME,401306,9352,21824,292276,Northeast,Democratic
2012,MARYLAND,MD,1677844,30195,27419,971869,South,Democratic
2012,MASSACHUSETTS,MA,1921290,30920,43672,1188314,Northeast,Democratic
2012,MICHIGAN,MI,2564569,0,51136,2115256,Midwest,Democratic
2012,MINNESOTA,MN,1546167,35098,35071,1320225,Midwest,Democratic
2012,MISSISSIPPI,MS,562949,6676,5213,710746,South,Republican
2012,MISSOURI,MO,1223796,43151,7936,1482440,Midwest,Republican
2012,MONTANA,MT,201839,14165,116,267928,West,Republican
2012,NEBRASKA,NE,302081,11109,6125,475064,Midwest,Republican
2012,NEVADA,NV,531373,10968,9010,463567,West,Democratic
2012,NEW HAMPSHIRE,NH,369561,8212,3281,329918,Northeast,Democratic
2012,NEW JERSEY,NJ,2122786,21035,16590,1478088,Northeast,Democratic
2012,NEW MEXICO,NM,415335,27788,4847,335788,West,Democratic
2012,NEW YORK,NY,4324228,47092,522067,2223397,Northeast,Democratic
2012,NORTH CAROLINA,NC,2178391,44515,12071,2270395,South,Republican
2012,NORTH DAKOTA,ND,124966,5238,4408,188320,Midwest,Republican
2012,OHIO,OH,2827621,49493,42301,2661407,Midwest,Democratic
2012,OKLAHOMA,OK,443547,0,0,891325,South,Republican
2012,OREGON,OR,970488,24089,40518,754175,West,Democratic
2012,PENNSYLVANIA,PA,2990274,49991,21341,2680434,Northeast,Democratic
2012,RHODE ISLAND,RI,279677,4388,4780,157204,Northeast,Democratic
2012,SOUTH CAROLINA,SC,865941,16321,10211,1071645,South,Republican
2012,SOUTH DAKOTA,SD,145039,5795,2371,210610,Midwest,Republican
2012,TENNESSEE,TN,960709,0,35538,1462330,South,Republican
2012,TEXAS,TX,3308124,88580,27304,4569843,South,Republican
2012,UTAH,UT,251813,12572,12455,740600,West,Republican
2012,VERMONT,VT,199239,3487,3866,92698,Northeast,Democratic
2012,VIRGINIA,VA,1971820,31216,28931,1822522,South,Democratic
2012,WASHINGTON,WA,1755396,42202,37248,1290670,West,Democratic
2012,WEST VIRGINIA,WV,238269,6302,8212,417655,South,Republican
2012,WISCONSIN,WI,1620985,0,39483,1410966,Midwest,Democratic
2012,WYOMING,WY,69286,5326,5127,170962,West,Republican
2016,ALABAMA,AL,729547,44467,31103,1318255,South,Republican
2016,ALASKA,AK,116454,18725,20042,163387,West,Republican
2016,ARIZONA,AZ,1161209,106327,53228,1252401,West,Republican
2016,ARKANSAS,AR,380494,29829,35440,684872,South,Republican
2016,CALIFORNIA,CA,8753788,478500,465497,4483810,West,Democratic
2016,COLORADO,CO,1338870,144121,94745,1202484,West,Democratic
2016,CONNECTICUT,CT,897572,48676,25457,673215,Northeast,Democratic
2016,DELAWARE,DE,235603,14757,6103,185127,South,Democratic
2016,DISTRICT OF COLUMBIA,DC,282830,4906,12116,12723,South,Democratic
2016,FLORIDA,FL,4504975,207043,90135,4617886,South,Republican
2016,GEORGIA,GA,1877963,125306,22359,2089104,South,Republican
2016,HAWAII,HI,266891,15954,25972,128847,West,Democratic
2016,IDAHO,ID,189765,28331,63104,409055,West,Republican
2016,ILLINOIS,IL,3090729,209596,90084,2146015,Midwest,Democratic
2016,INDIANA,IN,1033126,133993,10553,1557286,Midwest,Republican
2016,IOWA,IA,653669,59186,51742,800983,Midwest,Republican
2016,KANSAS,KS,427005,55406,30973,671018,Midwest,Republican
2016,KENTUCKY,KY,628854,53752,38572,1202971,South,Republican
2016,LOUISIANA,LA,780154,37978,32262,1178638,South,Republican
2016,MAINE,ME,357735,38105,40459,335593,Northeast,Democratic
2016,MARYLAND,MD,1678006,79605,80407,943428,South,Democratic
2016,MASSACHUSETTS,MA,1995196,138018,154714,1090893,Northeast,Democratic
2016,MICHIGAN,MI,2268839,172136,78766,2279543,Midwest,Republican
2016,MINNESOTA,MN,1367705,112972,141156,1322949,Midwest,Democratic
2016,MISSISSIPPI,MS,485131,14435,9077,700714,South,Republican
2016,MISSOURI,MO,1071068,97359,45667,1594511,Midwest,Republican
2016,MONTANA,MT,177709,28037,9540,279240,West,Republican
2016,NEBRASKA,NE,284494,38946,24826,495961,Midwest,Republican
2016,NEVADA,NV,539260,37384,36683,512058,West,Democratic
2016,NEW HAMPSHIRE,NH,348526,30777,19203,345790,Northeast,Democratic
2016,NEW JERSEY,NJ,2148278,72477,51358,1601933,Northeast,Democratic
2016,NEW MEXICO,NM,385234,74541,18877,319667,West,Democratic
2016,NEW YORK,NY,4379789,57442,837711,2527142,Northeast,Democratic
2016,NORTH CAROLINA,NC,2189316,130126,59491,2362631,South,Republican
2016,NORTH DAKOTA,ND,93758,21434,12374,216794,Midwest,Republican
2016,OHIO,OH,2394164,0,261318,2841005,Midwest,Republican
2016,OKLAHOMA,OK,420375,83481,0,949136,South,Republican
2016,OREGON,OR,1002106,94231,122596,782403,West,Democratic
2016,PENNSYLVANIA,PA,2926441,146715,71513,2970733,Northeast,Republican
2016,RHODE ISLAND,RI,252525,14746,16330,180543,Northeast,Democratic
2016,SOUTH CAROLINA,SC,855373,49204,43061,1155389,South,Republican
2016,SOUTH DAKOTA,SD,117458,20850,4064,227721,Midwest,Republican
2016,TENNESSEE,TN,870695,0,114407,1522925,South,Republican
2016,TEXAS,TX,3877868,283492,122819,4685047,South,Republican
2016,UTAH,UT,310674,39608,265824,515211,West,Republican
2016,VERMONT,VT,178573,10078,36447,95369,Northeast,Democratic
2016,VIRGINIA,VA,1981473,118274,113562,1769443,South,Democratic
2016,WASHINGTON,WA,1742718,160879,191675,1221747,West,Democratic
2016,WEST VIRGINIA,WV,188794,23004,11882,489371,South,Republican
2016,WISCONSIN,WI,1382536,106674,81656,1405284,Midwest,Republican
2016,WYOMING,WY,55973,13287,15109,174419,West,Republican
2020,ALABAMA,AL,849624,25176,7312,1441170,South,Republican
2020,ALASKA,AK,153778,8897,6904,189951,West,Republican
2020,ARIZONA,AZ,1672143,51465,2032,1661686,West,Democratic
2020,ARKANSAS,AR,423932,13133,21357,760647,South,Republican
2020,CALIFORNIA,CA,11110250,187895,196307,6006429,West,Democratic
2020,COLORADO,CO,1804352,52460,58561,1364607,West,Democratic
2020,CONNECTICUT,CT,1080831,20230,8079,714717,Northeast,Democratic
2020,DELAWARE,DE,296268,5000,2475,200603,South,Democratic
2020,DISTRICT OF COLUMBIA,DC,317323,2036,6411,18586,South,Democratic
2020,FLORIDA,FL,5297045,70324,31356,5668731,South,Republican
2020,GEORGIA,GA,2473633,62229,2244,2461854,South,Democratic
2020,HAWAII,HI,366130,5539,11251,196864,West,Democratic
2020,IDAHO,ID,287021,16404,10470,554119,West,Republican
2020,ILLINOIS,IL,3471915,66544,48393,2446891,Midwest,Democratic
2020,INDIANA,IN,1242416,59232,1951,1729519,Midwest,Republican
2020,IOWA,IA,759061,19637,23760,897672,Midwest,Republican
2020,KANSAS,KS,570323,30574,0,771406,Midwest,Republican
2020,KENTUCKY,KY,772474,26234,11414,1326646,South,Republican
2020,LOUISIANA,LA,856034,21645,14607,1255776,South,Republican
2020,MAINE,ME,435072,14152,18344,360737,Northeast,Democratic
2020,MARYLAND,MD,1985023,33488,42105,976414,South,Democratic
2020,MASSACHUSETTS,MA,2382202,47013,61588,1167202,Northeast,Democratic
2020,MICHIGAN,MI,2804040,60381,25029,2649852,Midwest,Democratic
2020,MINNESOTA,MN,1717077,34976,41053,1484065,Midwest,Democratic
2020,MISSISSIPPI,MS,539398,8026,9571,756764,South,Republican
2020,MISSOURI,MO,1253014,41205,13007,1718736,Midwest,Republican
2020,MONTANA,MT,244786,15252,34,343602,West,Republican
2020,NEBRASKA,NE,374583,20283,4671,556846,Midwest,Republican
2020,NEVADA,NV,703486,14783,17217,669890,West,Democratic
2020,NEW HAMPSHIRE,NH,424921,13235,2372,365654,Northeast,Democratic
2020,NEW JERSEY,NJ,2608335,31677,26067,1883274,Northeast,Democratic
2020,NEW MEXICO,NM,501614,12585,7872,401894,West,Democratic
2020,NEW YORK,NY,5230985,60234,125718,3244798,Northeast,Democratic
2020,NORTH CAROLINA,NC,2684292,48678,33059,2758773,South,Republican
2020,NORTH DAKOTA,ND,114902,9393,1929,235595,Midwest,Republican
2020,OHIO,OH,2679165,67569,20634,3154834,Midwest,Republican
2020,OKLAHOMA,OK,503890,24731,11798,1020280,South,Republican
2020,OREGON,OR,1340383,41582,33908,958448,West,Democratic
2020,PENNSYLVANIA,PA,3458229,79380,0,3377674,Northeast,Democratic
2020,RHODE ISLAND,RI,307486,5053,4529,199922,Northeast,Democratic
2020,SOUTH CAROLINA,SC,1091541,27916,9536,1385103,South,Republican
2020,SOUTH DAKOTA,SD,150471,11095,0,261043,Midwest,Republican
2020,TENNESSEE,TN,1143711,0,57665,1852475,South,Republican
2020,TEXAS,TX,5259126,126243,39340,5890347,South,Republican
2020,UTAH,UT,560282,38447,24420,865140,West,Republican
2020,VERMONT,VT,242820,3608,11836,112704,Northeast,Democratic
2020,VIRGINIA,VA,2413568,64761,19765,1962430,South,Democratic
2020,WASHINGTON,WA,2369612,80500,52868,1584651,West,Democratic
2020,WEST VIRGINIA,WV,235984,10687,2599,545382,South,Republican
2020,WISCONSIN,WI,1630866,0,56991,1610184,Midwest,Democratic
2020,WYOMING,WY,73491,5768,5685,193559,West,Republican
